,customer_id,probability_of_churn,prediction_of_churn
0,6981-TDRFT,0.1296812137944247,0
1,5135-RDDQL,0.02555992486576339,0
2,9251-WNSOD,0.07376686960258948,0
3,3536-IQCTX,0.4458636963523391,0
4,2724-FJDYW,0.09863866185788633,0
5,2320-SLKMB,0.18972020990060542,0
6,0971-QIFJK,0.002699700463518826,0
7,3648-GZPHF,0.09240763058892215,0
8,7908-QCBCA,0.7956655198909834,1
9,0329-GTIAJ,0.5356076542037786,1
10,8917-FAEMR,0.009621943309906837,0
11,8699-ASUFO,0.6433074283411971,1
12,2833-SLKDQ,0.4199128887258006,0
13,9508-ILZDG,0.44459222331741116,0
14,9013-AQORL,0.18114930772913593,0
15,1910-FMXJM,0.3964444969876151,0
16,5248-KWLAR,0.03500779130614817,0
17,3096-IZETN,0.4797964866314268,0
18,4785-QRJHC,0.17087434524749573,0
19,5198-HQAEN,0.3189045598332976,0
20,3373-YZZYM,0.35081785099039103,0
21,2190-BCXEC,0.23884690593506325,0
22,7854-EKTJL,0.2439804470910455,0
23,0804-YGEQV,0.017554850230428073,0
24,4395-PZMSN,0.7188587485585484,1
25,7018-FPXHH,0.018020621666813497,0
26,4835-YSJMR,0.07280562988718922,0
27,1596-BBVTG,0.2900121041630859,0
28,8992-OBVDG,0.14645404311930973,0
29,0813-TAXXS,0.057408726997487794,0
30,4377-VDHYI,0.34382813748070973,0
31,0595-ITUDF,0.14457105725277627,0
32,4626-OZDTJ,0.1047451290347818,0
33,9442-JTWDL,0.050274638616336347,0
34,4750-UKWJK,0.027985312245185946,0
35,2229-VWQJH,0.1769121160160557,0
36,1760-CAZHT,0.03211119429314963,0
37,9955-QOPOY,0.10018158417212537,0
38,0968-GSIKN,0.8192983833969119,1
39,4629-NRXKX,0.5705669108534073,1
40,9958-MEKUC,0.0220666295741237,0
41,8129-GMVGI,0.02085433316971838,0
42,8709-KRDVL,0.5534022109464106,1
43,7633-MVPUY,0.10665839095031478,0
44,1353-LJWEM,0.2891939033570133,0
45,5384-ZTTWP,0.09948358472473791,0
46,9578-VRMNM,0.2592181090011234,0
47,0898-XCGTF,0.23411428675013476,0
48,9851-QXEEQ,0.4619647863673962,0
49,2931-FSOHN,0.3723880165860092,0
50,2971-SGAFL,0.2873040995827088,0
51,5820-PTRYM,0.045041892653180496,0
52,1725-IQNIY,0.0829031310900334,0
53,5854-KSRBJ,0.0027421445500191506,0
54,3005-NFMTA,0.37853690236799387,0
55,5804-LEPIM,0.7339598241619408,1
56,2874-YXVVA,0.40358846888317484,0
57,6959-UWKHF,0.5836533662324472,1
58,1043-UXOVO,0.06630978145905587,0
59,8329-GWVPJ,0.25406649566994777,0
60,5315-CKEQK,0.2248698223260231,0
61,3472-QPRCH,0.02703859731347191,0
62,3744-ZBHON,0.23927628258937034,0
63,8979-CAMGB,0.25194783868091397,0
64,4189-NAKJS,0.12245808818168485,0
65,7764-BDPEE,0.19072628589966764,0
66,7142-HVGBG,0.5001345036828705,1
67,7932-WPTDS,0.7377503332618924,1
68,5924-IFQTT,0.2907978950637452,0
69,9821-POOTN,0.4852219246069873,0
70,2516-VQRRV,0.7103330201339173,1
71,2122-YWVYA,0.3982275405905856,0
72,9874-QLCLH,0.49549350996128,0
73,2207-RYYRL,0.0044969427428908785,0
74,2603-HVKCG,0.5292300342232964,1
75,6743-HHQPF,0.17248085592739543,0
76,0336-KXKFK,0.017871723383316714,0
77,9053-JZFKV,0.04727081762910218,0
78,1866-NXPSP,0.14151469103031455,0
79,3787-TRIAL,0.24450850276141275,0
80,1472-TNCWL,0.53160141129094,1
81,2040-LDIWQ,0.032863321917520054,0
82,0495-ZBNGW,0.7327766832014045,1
83,0068-FIGTF,0.1458992161484128,0
84,9453-PATOS,0.005420834329378709,0
85,6418-PIQSP,0.014114510053532337,0
86,4534-WGCIR,0.021034862003457423,0
87,5795-BKOYE,0.0478754570552668,0
88,4277-UDIEF,0.11128493631176728,0
89,4877-TSOFF,0.09775044034774032,0
90,9239-ZBZZV,0.5550647932343884,1
91,0410-IPFTY,0.4048581868319344,0
92,8146-QQKZH,0.011554110021849076,0
93,8317-BVKSO,0.214153479052265,0
94,0191-ZHSKZ,0.28933443702951633,0
95,7209-JCUDS,0.670233695896257,1
96,8328-SKJNO,0.08863838464745072,0
97,2479-BRAMR,0.31434693511038586,0
98,2070-FNEXE,0.4247722123497752,0
99,3308-MHOOC,0.38867727537580715,0
100,3585-YNADK,0.056672754583533186,0
101,7795-CFOCW,0.05356203943698975,0
102,6655-LHBYW,0.34057684310839265,0
103,0074-HDKDG,0.09433656625259068,0
104,7427-AUFPY,0.008989955551357903,0
105,2324-EFHVG,0.16314698759385807,0
106,9253-QXKBE,0.5896074758834174,1
107,4274-DRSQT,0.1328069156018719,0
108,6210-KBBPI,0.6500588617142071,1
109,4163-KIUHY,0.12867376542473458,0
110,0689-DSXGL,0.11687243663693528,0
111,1764-VUUMT,0.005914803540623722,0
112,3796-ENZGF,0.011532133669043366,0
113,8648-PFRMP,0.46899077663846067,0
114,3401-URHDA,0.04506094203994393,0
115,5849-ASHZJ,0.01658368160491483,0
116,7159-FVYPK,0.41035676887168276,0
117,3620-EHIMZ,0.012634280442745234,0
118,7449-HVPIV,0.22356386096705996,0
119,8819-ZBYNA,0.1002906686091569,0
120,0607-DAAHE,0.006346644385909226,0
121,4315-MURBD,0.502835271081333,1
122,4625-XMOYM,0.005162299327951031,0
123,9711-FJTBX,0.10705875176402815,0
124,3778-FOAQW,0.01866516767829895,0
125,7047-YXDMZ,0.04152890139026381,0
126,7520-HQWJU,0.0817287064252618,0
127,7298-IZWLY,0.4576073882057992,0
128,3063-QFSZL,0.6433408724879022,1
129,5356-CSVSQ,0.4054678270583784,0
130,1309-BXVOQ,0.4058865349967106,0
131,6692-UDPJC,0.49231745623331286,0
132,5002-GCQFH,0.2578341049272388,0
133,8189-XRIKE,0.4679732224799648,0
134,3617-XLSGQ,0.05193960225426175,0
135,9909-IDLEK,0.2665162104505804,0
136,2805-EDJPQ,0.15279689967377227,0
137,7030-NJVDP,0.3156416920770974,0
138,1400-MMYXY,0.7263009414687441,1
139,8809-RIHDD,0.1205541204250441,0
140,1853-UDXBW,0.8073369060997936,1
141,1122-JWTJW,0.7839108372851669,1
142,6427-FEFIG,0.03935067109668839,0
143,0570-BFQHT,0.5425682756138946,1
144,3714-NTNFO,0.4596848824745697,0
145,7534-BFESC,0.4811811000540457,0
146,1658-TJVOA,0.4798875891844053,0
147,1709-EJDOX,0.002187666503051709,0
148,2133-TSRRM,0.3785544365604146,0
149,2676-OXPPQ,0.2887670529827565,0
150,3125-RAHBV,0.024089773013830335,0
151,2599-CZABP,0.1811979899477057,0
152,6366-XIVKZ,0.20062942742856962,0
153,5708-EVONK,0.13989101224400693,0
154,8111-BKVDS,0.22647067218436123,0
155,6034-ZRYCV,0.14299129455740917,0
156,9624-EGDEQ,0.009621943309906837,0
157,7696-AMHOD,0.0961228827746261,0
158,2690-DVRVK,0.08701282142418348,0
159,5057-RKGLH,0.03875370471412362,0
160,4043-MKDTV,0.13764549639396276,0
161,3863-IUBJR,0.16455069985408188,0
162,9904-EHEVJ,0.4917208032106531,0
163,5168-MSWXT,0.6825729842830733,1
164,4910-GMJOT,0.8129464298255705,1
165,7825-ECJRF,0.3818586544745174,0
166,8401-EMUWF,0.12047415507143809,0
167,2388-LAESQ,0.022194601667248345,0
168,9547-ITEFG,0.5861133531972362,1
169,3170-GWYKC,0.2421163197678876,0
170,1371-WEPDS,0.18908798010750855,0
171,8896-BQTTI,0.33919969655610294,0
172,9317-WZPGV,0.7361002658940232,1
173,9513-DXHDA,0.14803040866619924,0
174,4612-SSVHJ,0.5435332250338831,1
175,9018-PCIOK,0.04698892202114564,0
176,1208-DNHLN,0.10809598908584166,0
177,2123-VSCOT,0.03349212254999209,0
178,4486-EFAEB,0.19092285445953228,0
179,0254-WWRKD,0.05771568530303507,0
180,8961-QDZZJ,0.3162082955446745,0
181,4335-UPJSI,0.005090787599747424,0
182,8292-ITGYJ,0.011346514311004441,0
183,4566-NECEV,0.6064620746981793,1
184,9646-NMHXE,0.008842306012278756,0
185,2332-EFBJY,0.0785358768545739,0
186,9490-DFPMD,0.46214902047984374,0
187,3023-GFLBR,0.27379542178085114,0
188,7270-BDIOA,0.46231317883700546,0
189,0621-TWIEM,0.4205676527784924,0
190,1346-UFHAX,0.36390517904269903,0
191,1685-VAYJF,0.24031034630941697,0
192,9610-WCESF,0.15073846666597185,0
193,2338-BQEZT,0.12752495347785278,0
194,9408-HRXRK,0.39173603785804473,0
195,8687-BAFGU,0.5510849537776563,1
196,5505-OVWQW,0.04317855884558042,0
197,0481-SUMCB,0.3373982967956183,0
198,4741-WWJQZ,0.42710288739133356,0
199,9512-PHSMG,0.10338171288452745,0
200,1771-OADNZ,0.5183305042736613,1
201,2220-IAHLS,0.18908223674224925,0
202,2664-XJZNO,0.05611267897160065,0
203,8592-PLTMQ,0.03347253487569177,0
204,2640-LYMOV,0.24984345365966618,0
205,6898-MDLZW,0.2563026232843708,0
206,6754-LZUKA,0.05855571232735564,0
207,7295-JOMMD,0.5557556668538536,1
208,8046-DNVTL,0.038680767624872464,0
209,1951-IEYXM,0.004169121763188853,0
210,0230-WEQUW,0.015244077487596075,0
211,8015-IHCGW,0.03465853417002642,0
212,6097-EQISJ,0.1743932970770856,0
213,0197-PNKNK,0.10492132605505816,0
214,3692-JHONH,0.38152154635129243,0
215,1907-YLNYW,0.26967598732224496,0
216,6817-WTYHE,0.3910644082926936,0
217,1231-YNDEK,0.05804227837150721,0
218,7838-LAZFO,0.09072247712292031,0
219,2924-KHUVI,0.30971691472669954,0
220,5642-MHDQT,0.019263656180001403,0
221,6114-TCFID,0.0852196517936075,0
222,5747-PMBSQ,0.6184390791208728,1
223,3460-TJBWI,0.002142871458031893,0
224,4732-RRJZC,0.11473588778357463,0
225,6476-EPYZR,0.0625798575660376,0
226,6022-KOUQO,0.38532220625680097,0
227,3978-YNKDD,0.018497468648681105,0
228,8932-CZHRQ,0.07730278515175776,0
229,7639-SUPCW,0.17029438414040943,0
230,6374-NTQLP,0.12434614899211133,0
231,1066-JKSGK,0.4067646153827028,0
232,0308-GIQJT,0.2530511474921944,0
233,5397-TUPSH,0.1914140684974403,0
234,2845-HSJCY,0.5590542998748239,1
235,5599-HVLTW,0.5794395494615692,1
236,5119-KEPFY,0.40034503540276817,0
237,3097-NNSPB,0.4761349115025682,0
238,6762-QVYJO,0.010802504562470028,0
239,9965-YOKZB,0.7010909632664349,1
240,4822-NGOCH,0.6099004734275076,1
241,9861-PDSZP,0.0913207598580534,0
242,7833-PKIHD,0.11372625715507734,0
243,2057-BOYKM,0.0345058466652053,0
244,4927-WWOOZ,0.7549016880196915,1
245,6161-UUUTA,0.7417590990061633,1
246,1304-SEGFY,0.1505632377774048,0
247,4236-UJPWO,0.5083249955108704,1
248,7036-TYDEC,0.20659624404158564,0
249,3841-NFECX,0.031139024403468357,0
250,1150-WFARN,0.13323819465733733,0
251,6481-ESCNL,0.39376468051337904,0
252,6892-EZDTG,0.697679880454655,1
253,4373-MAVJG,0.4365764880085308,0
254,4003-OCTMP,0.1288462944034933,0
255,4742-TXUEX,0.0026989272030887145,0
256,6916-HIJSE,0.01740712177686071,0
257,5183-KLYEM,0.05433080372360787,0
258,8023-QHAIO,0.22141140844303156,0
259,5366-IJEQJ,0.5434695104678221,1
260,5480-TBGPH,0.40728697894803795,0
261,3092-IGHWF,0.27294830011639015,0
262,0215-BQKGS,0.2745821420330488,0
263,6892-XPFPU,0.5226850445020689,1
264,6924-TDGMT,0.09456802783432984,0
265,3584-WKTTW,0.2999027795039525,0
266,3488-PGMQJ,0.6533047523982458,1
267,3642-GKTCT,0.20699859654884556,0
268,8190-ZTQFB,0.1768643424083012,0
269,2320-YKQBO,0.1344014974651973,0
270,0970-QXPXW,0.351486125089637,0
271,9251-AWQGT,0.002187666503051709,0
272,5044-XDPYX,0.00867774840925648,0
273,8975-SKGRX,0.04720869105807026,0
274,6907-CQGPN,0.16912896587936482,0
275,8620-RJPZN,0.3126989278145509,0
276,1492-QGCLU,0.16384730109571172,0
277,9364-YKUVW,0.11362538563394121,0
278,0716-BQNDX,0.17766457048133252,0
279,6664-FPDAC,0.314654812413032,0
280,3298-QEICA,0.055006109031350385,0
281,8149-AIQCG,0.3780295441254152,0
282,9945-PSVIP,0.0215319571988574,0
283,4299-OPXEJ,0.03260943126718799,0
284,5568-DMXZS,0.3348062562848801,0
285,0156-FVPTA,0.2654531343249609,0
286,8098-TDCBU,0.03618148137216015,0
287,2027-OAQQC,0.21105812313131023,0
288,6286-ZHAOK,0.09098697644675041,0
289,2186-QZEYA,0.21880620809051668,0
290,3665-JATSN,0.3477117209342988,0
291,6797-UCJHZ,0.2930876826810092,0
292,0644-OQMDK,0.6771936243116126,1
293,2990-HWIML,0.6729942878624984,1
294,1169-WCVAK,0.2565316763146515,0
295,0781-LKXBR,0.7261857855725455,1
296,6770-XUAGN,0.27331754834292704,0
297,8050-XGRVL,0.04455635157282246,0
298,6718-BDGHG,0.10876047046189513,0
299,4584-LBNMK,0.010308082526418658,0
300,9776-CLUJA,0.3871735710112625,0
301,0378-XSZPU,0.0381620095798517,0
302,1767-CJKBA,0.014610234809994743,0
303,0295-PPHDO,0.8121771990563397,1
304,2903-YYTBW,0.47592339438919945,0
305,9067-YGSCA,0.060787512831801255,0
306,9825-YCXWZ,0.30716317076784444,0
307,0188-GWFLE,0.26209458031666194,0
308,7134-HBPBS,0.10719527649415818,0
309,6725-TPKJO,0.009621943309906837,0
310,3097-FQTVJ,0.009621943309906837,0
311,9950-MTGYX,0.004748258440313939,0
312,7995-ZHHNZ,0.05327276614491267,0
313,8824-RWFXJ,0.38409810916754444,0
314,9334-GWGOW,0.6752647661202485,1
315,3347-YJZZE,0.18321427383571326,0
316,2176-LVPNX,0.0450974001946478,0
317,4039-PIMHX,0.09628751160698418,0
318,2662-NNTDK,0.027838401599480853,0
319,2758-RNWXS,0.30832212085117805,0
320,3797-VTIDR,0.5733561420509209,1
321,4097-YODCF,0.3575340266788686,0
322,6988-CJEYV,0.414563420460339,0
323,5989-OMNJE,0.18758006291035317,0
324,6278-FEPBZ,0.10659888504116122,0
325,7996-BPXHY,0.0238612841582468,0
326,5914-GXMDA,0.01211007426087395,0
327,5321-NTRKC,0.0499097933695116,0
328,3237-AJGEH,0.3914604352489191,0
329,0835-JKADZ,0.13473143475331972,0
330,9146-JRIOX,0.06950641462188863,0
331,5940-AHUHD,0.7492932380710474,1
332,9497-QCMMS,0.830704743299854,1
333,2266-SJNAT,0.217529352017487,0
334,7569-NMZYQ,0.15033434287387704,0
335,7861-UVUFT,0.5767594363269835,1
336,5299-SJCZT,0.6869580597884763,1
337,1090-PYKCI,0.10903507169905373,0
338,7929-SKFGK,0.034882969605698276,0
339,3642-BYHDO,0.002022347121462047,0
340,4032-RMHCI,0.09024907398872109,0
341,7109-MFBYV,0.1793067332020356,0
342,4342-HFXWS,0.0529264225258406,0
343,0531-XBKMM,0.017461370335456215,0
344,6297-NOOPG,0.10981651418978312,0
345,5032-MIYKT,0.8013817167302453,1
346,6736-DHUQI,0.0965469674052476,0
347,1850-AKQEP,0.10381329471272048,0
348,7853-OETYL,0.47033658721400995,0
349,6599-GZWCM,0.3515558369345756,0
350,2484-DGXPZ,0.04159650254009738,0
351,2430-RRYUW,0.060377717480322717,0
352,5732-IKGQH,0.32977796246286983,0
353,2896-TBNBE,0.23364748491515555,0
354,1337-BOZWO,0.14416012742428427,0
355,4431-EDMIQ,0.2356903608340475,0
356,0100-DUVFC,0.26354810056963546,0
357,6848-HJTXY,0.009982816015073913,0
358,2640-PMGFL,0.37769566119450226,0
359,4698-KVLLG,0.023895056073532536,0
360,0975-UYDTX,0.15367749156978902,0
361,7608-RGIRO,0.002421685293825768,0
362,5150-LJNSR,0.18835310136741223,0
363,4945-RVMTE,0.1809141862842497,0
364,7110-BDTWG,0.13716906141045399,0
365,4636-OLWOE,0.08264494540507566,0
366,4304-XUMGI,0.07211880228396202,0
367,8984-HPEMB,0.11283154440954393,0
368,1345-GKDZZ,0.09926754967693384,0
369,0550-DCXLH,0.2681562774481207,0
370,7558-IMLMT,0.0007690900449036828,0
371,2346-LOCWC,0.0014807657150505654,0
372,9717-QEBGU,0.7132313387994351,1
373,3422-WJOYD,0.04367139570865864,0
374,0422-OHQHQ,0.0402032303261534,0
375,9750-BOOHV,0.1294149249854752,0
376,5356-KZCKT,0.017382261143198647,0
377,2869-ADAWR,0.2829905224231269,0
378,8242-JSVBO,0.32967022376645483,0
379,4826-TZEVA,0.26110148595593735,0
380,3049-NDXFL,0.8409778076083567,1
381,7129-CAKJW,0.3776421493122327,0
382,6848-YLDFR,0.10790711554441523,0
383,2393-DIVAI,0.23832255392324686,0
384,5766-FTRTS,0.005420834329378709,0
385,4114-QMKVN,0.07717854431143797,0
386,6211-WHMYA,0.2649963032379373,0
387,4547-FZJWE,0.05547161724704179,0
388,1599-EAHXY,0.013384344256214627,0
389,7815-PDTHL,0.009441581615018266,0
390,6221-AVQYL,0.6713927050645654,1
391,9572-MTILT,0.22831376822261842,0
392,7359-SSBJK,0.03904193398802507,0
393,9026-LHEVG,0.3691708226336062,0
394,4381-MHQDC,0.024536300054073135,0
395,1099-BTKWT,0.15050131959077379,0
396,5848-FHRFC,0.010034091541455245,0
397,0701-TJSEF,0.264308573872197,0
398,0516-OOHAR,0.26798606264735503,0
399,2530-FMFXO,0.22520563468374674,0
400,0670-ANMUU,0.23312723539393101,0
401,7136-RVDTZ,0.22910274103332018,0
402,0568-ONFPC,0.1870392593773987,0
403,5968-VXZLG,0.5081088244397416,1
404,7921-BEPCI,0.027351147722706998,0
405,7669-LCRSD,0.20016405996005227,0
406,4250-ZBWLV,0.27785708457486286,0
407,0691-JVSYA,0.22143302675120047,0
408,6199-IPCAO,0.004647515940224208,0
409,1038-RQOST,0.03021189885080241,0
410,7530-HDYDS,0.220435871550395,0
411,5196-WPYOW,0.025170147866662055,0
412,5186-EJEGL,0.32947612896859896,0
413,8775-LHDJH,0.7645799810697044,1
414,3481-JHUZH,0.4351314889568517,0
415,6506-EYCNH,0.05852207074780786,0
416,2144-BFDSO,0.3833925557554855,0
417,3407-QGWLG,0.2311889741654101,0
418,8565-CLBZW,0.3595202592790998,0
419,3865-ZYKAD,0.13518427266216557,0
420,8887-IPQNC,0.29790082539289586,0
421,8999-EXMNO,0.02426228658533145,0
422,7670-ZBPOQ,0.06477101727891856,0
423,4452-ROHMO,0.02918128924660814,0
424,9172-ANCRX,0.562553485058748,1
425,9060-HJJRW,0.16141437177070045,0
426,2974-GGUXS,0.4284202055005726,0
427,4102-HLENU,0.011304679809089486,0
428,9921-QFQUL,0.3398903064264205,0
429,4883-KCPZJ,0.029978785015335966,0
430,2386-LAHRK,0.5844419356042343,1
431,3308-DGHKL,0.04681362917050062,0
432,1400-WIVLL,0.18622291406953867,0
433,6432-TWQLB,0.5353437700217001,1
434,8075-GXIUB,0.22119083294976669,0
435,0411-EZJZE,0.5290822769090475,1
436,8387-UGUSU,0.09389256810846663,0
437,6614-YOLAC,0.00627679651848731,0
438,2097-YVPKN,0.014836276307906413,0
439,9782-LGXMC,0.10631908856276776,0
440,7912-SYRQT,0.5359860933882451,1
441,7163-OCEQI,0.21458585273175157,0
442,8402-OOOHJ,0.008603034724849102,0
443,6445-TNRXS,0.030569056804980885,0
444,4010-YLMVT,0.29857653522471234,0
445,1423-BMPBQ,0.45013500619946817,0
446,0719-SYFRB,0.23788870792907202,0
447,0319-QZTCO,0.36011319098958106,0
448,3070-DVEYC,0.4755471211101153,0
449,8625-AZYZY,0.5074854960262501,1
450,0058-EVZWM,0.19483059778273198,0
451,0314-TKOSI,0.26861867974775944,0
452,8696-JKZNU,0.5028351633848128,1
453,7776-QWNFX,0.21257710349628683,0
454,9194-GFVOI,0.026857289054697038,0
455,4201-JMNGR,0.6104037487844921,1
456,9350-ZXYJC,0.15421690715726272,0
457,2568-BRGYX,0.6719360846573356,1
458,5533-RJFTJ,0.19334524369595316,0
459,6922-NCEDI,0.02945625166213695,0
460,6248-TKCQV,0.049128395931179764,0
461,2273-QCKXA,0.37201835657921334,0
462,6496-SLWHQ,0.6645216877170776,1
463,8564-LDKFL,0.3353459591583231,0
464,5760-WRAHC,0.2480100021799087,0
465,2362-IBOOY,0.5194312872434665,1
466,8784-CGILN,0.4119104721451935,0
467,7508-MYBOG,0.5842581597623928,1
468,8084-OIVBS,0.06282974012914334,0
469,9603-OAIHC,0.8344795109235222,1
470,1539-LNKHM,0.08225606016458961,0
471,4238-HFHSN,0.27894622024914745,0
472,9714-EDSUC,0.4862504817098944,0
473,4140-WJAWW,0.10687565987709373,0
474,4626-GYCZP,0.6825678967099944,1
475,6485-QXWWE,0.007125045687006112,0
476,4844-JJWUY,0.7789216120963804,1
477,0345-HKJVM,0.6543094790516026,1
478,4667-OHGKG,0.4347656156166863,0
479,2504-DSHIH,0.4513788014023141,0
480,6283-GITPX,0.02771172652086107,0
481,2737-YNGYW,0.7091925106250414,1
482,2920-RNCEZ,0.6980357289421556,1
483,3858-XHYJO,0.34849706403710207,0
484,8035-BUYVG,0.15151929406091774,0
485,8138-EALND,0.10484906965053234,0
486,9412-ARGBX,0.1459650482817908,0
487,9121-PHQSR,0.5566584720349176,1
488,2400-FEQME,0.0019973135252416394,0
489,3761-FLYZI,0.2759118784964087,0
490,7799-DSEWS,0.21642240509959382,0
491,3771-PZOBW,0.39296620372528923,0
492,1038-ZAGBI,0.06480859697300033,0
493,3629-ZNKXA,0.6214864144218228,1
494,8107-KNCIM,0.636046970991904,1
495,8590-OHDIW,0.009291806305416754,0
496,8375-KVTHK,0.2818394381893763,0
497,9134-CEQMF,0.706590906242229,1
498,6821-BUXUX,0.5208731990881286,1
499,4678-DVQEO,0.5005202946939594,1
500,5266-PFRQK,0.01235577494881555,0
501,8974-OVACP,0.4067646153827028,0
502,3070-BDOQC,0.24669218984282068,0
503,2983-ZANRP,0.5940340961702981,1
504,6176-YJWAS,0.02936358712467091,0
505,0178-CIIKR,0.17960608050320773,0
506,5915-ANOEI,0.021137830585977735,0
507,6358-LYNGM,0.7876156725294112,1
508,7340-KEFQE,0.042206265331563644,0
509,8903-WMRNW,0.5321583597087189,1
510,2155-AMQRX,0.14783849068308,0
511,1163-ONYEY,0.1420159850657384,0
512,3486-NPGST,0.0161523719460761,0
513,2003-CKLOR,0.30248214126340395,0
514,0909-SELIE,0.02033551137296701,0
515,4929-ROART,0.14974155543881085,0
516,7392-YYPYJ,0.5785743864012969,1
517,6103-LIANB,0.14209744171429917,0
518,1496-GGSUK,0.6902308630629531,1
519,0983-TATYJ,0.10165862113093704,0
520,3108-PCCGG,0.0820924582229021,0
521,6825-UYPFK,0.31114237014171364,0
522,5546-BYZSM,0.09007583280861517,0
523,0233-FTHAV,0.1284307805073078,0
524,3951-NJCVI,0.5482011931613591,1
525,8903-XEBGX,0.5392483556516545,1
526,9626-WEQRM,0.4251155200551244,0
527,3058-HJCUY,0.3360915065364648,0
528,5393-RXQSZ,0.7950529669984906,1
529,9447-YPTBX,0.024337944760790722,0
530,4565-EVZMJ,0.0824048664700239,0
531,2307-FYNNL,0.1711732893653582,0
532,7463-IFMQU,0.0035027441987434123,0
533,9693-XMUOB,0.3072139721363118,0
534,1559-DTODC,0.18643481943305648,0
535,1535-VTJOQ,0.04911180108616182,0
536,1480-IVEVR,0.26511395060105175,0
537,9367-WXLCH,0.5583228404255408,1
538,9092-GDZKO,0.0595389576664095,0
539,2495-KZNFB,0.45096225335322254,0
540,0818-OCPZO,0.5096764468218382,1
541,6007-TCTST,0.020487259843079114,0
542,8681-ICONS,0.03374588148019506,0
543,2114-MGINA,0.5837087944370178,1
544,4291-SHSBH,0.56580611365831,1
545,4785-FCIFB,0.0022937075493291905,0
546,0601-WZHJF,0.3124115050659294,0
547,5681-LLOEI,0.09577746941406218,0
548,7526-IVLYU,0.24738774194130922,0
549,8313-NDOIA,0.514949816839788,1
550,1982-FEBTD,0.049880015124755775,0
551,5825-XJOCM,0.08575089307077978,0
552,8532-UEFWH,0.006329221562435316,0
553,1174-FGIFN,0.3323440588193371,0
554,3910-MRQOY,0.005543024824550355,0
555,8725-JEDFD,0.3200924514724609,0
556,6017-PPLPX,0.47305196643847963,0
557,6439-LAJXL,0.29348131476549705,0
558,3470-BTGQO,0.13773007177801794,0
559,3933-DQPWX,0.07732816057892102,0
560,8008-OTEZX,0.01013741356049365,0
561,6075-QMNRR,0.1320386377070169,0
562,5569-IDSEY,0.19802607287053633,0
563,4647-XXZAM,0.24556507195519953,0
564,5181-OABFK,0.01582089223521485,0
565,4194-FJARJ,0.013786027261492086,0
566,8499-BRXTD,0.03782694416143837,0
567,3352-ALMCK,0.4177098030160407,0
568,1980-KXVPM,0.649068468546054,1
569,4632-XJMEX,0.051111954826110535,0
570,3722-WPXTK,0.8070334441578855,1
571,1679-JRFBR,0.1919847720232154,0
572,2208-UGTGR,0.3926265728313424,0
573,7629-WIXZF,0.33902322352317404,0
574,9614-RMGHA,0.19343943080926948,0
575,2982-VPSGI,0.6703175975237194,1
576,0829-DDVLK,0.07411415551649764,0
577,1442-BQPVU,0.33488946675844333,0
578,8189-DUKMV,0.1212556653931351,0
579,5364-EVNIB,0.6080915317074947,1
580,8128-YVJRG,0.4723330688674105,0
581,6177-PEVRA,0.05294235780656047,0
582,5261-QSHQM,0.4849181215634893,0
583,3904-UKFRE,0.4959366981145103,0
584,1628-BIZYP,0.7551759126675672,1
585,9143-CANJF,0.17526426382124302,0
586,1810-BOHSY,0.15471378610179495,0
587,6345-ULYRW,0.244448329606212,0
588,9746-MDMBK,0.28913748939858375,0
589,7242-EDTYC,0.006549025338290177,0
590,4518-FZBSX,0.008233657247267696,0
591,5815-HGGHV,0.10078369990642905,0
592,4226-KKDON,0.34519345785923145,0
593,0621-TSSMU,0.016430041404445404,0
594,5447-VYTKW,0.08485496014643132,0
595,2774-LVQUS,0.5106984345711055,1
596,0822-QGCXA,0.25880773259536255,0
597,7242-QZLXF,0.5874024255189918,1
598,9793-WECQC,0.35915506733600977,0
599,7279-NMVJC,0.05332197855027107,0
600,2302-OUZXB,0.08295809774276465,0
601,0363-QJVFX,0.340607124578529,0
602,0565-IYCGT,0.0893435240595081,0
603,9916-AYHTC,0.007593130154532506,0
604,4324-AHJKS,0.36061769718071607,0
605,7266-GSSJX,0.17677129463173852,0
606,3583-KRKMD,0.31288994482348825,0
607,2684-EIWEO,0.25053249133168604,0
608,2682-KEVRP,0.04371061895221832,0
609,7839-NUIAA,0.10891980369262523,0
610,9648-BCHKM,0.030361646791967605,0
611,9419-IPPBE,0.34082113310790574,0
612,0674-DGMAQ,0.5185227761589932,1
613,8347-GDTMP,0.009982816015073913,0
614,9117-SHLZX,0.48687532856229,0
615,7903-CMPEY,0.7005926789021122,1
616,3537-RYBHH,0.14491665156470876,0
617,3689-MOZGR,0.25414203997619067,0
618,0220-EBGCE,0.7693537756774158,1
619,4831-EOBFE,0.3008656196779285,0
620,8760-ZRHKE,0.13977311348601382,0
621,4957-SREEC,0.004517224170642375,0
622,1567-DSCIC,0.6337996015312053,1
623,9305-CDSKC,0.7042376434751064,1
624,8413-YNHNV,0.010748275471624604,0
625,2794-XIMMO,0.13049508528422266,0
626,8990-ZXLSU,0.4581799973547069,0
627,0325-XBFAC,0.6927920499211331,1
628,4803-LBYPN,0.021957928778531685,0
629,0303-WMMRN,0.20659278803874934,0
630,0485-ZBSLN,0.0011838908373090413,0
631,7706-DZNKK,0.11516259349732673,0
632,7245-JMTTQ,0.331817421005665,0
633,8748-HFWBO,0.04251095005382836,0
634,8584-KMVXD,0.47918032932297067,0
635,9912-OMZDS,0.32948145587207406,0
636,0641-EVBOJ,0.46813925364069325,0
637,9577-WJVCQ,0.07454652291323398,0
638,4291-TPNFG,0.008876321483121875,0
639,1208-NBVFH,0.2870656525203161,0
640,6993-OHLXR,0.6123098825616566,1
641,6878-GGDWG,0.09406578790701746,0
642,0959-WHOKV,0.2780486388457551,0
643,8519-QJGJD,0.4593801350253024,0
644,5944-UGLLK,0.08203496514631103,0
645,5172-MIGPM,0.27799782684727914,0
646,9699-UBQFS,0.40599686034435706,0
647,1389-WNUIB,0.10568837103119363,0
648,9242-TKFSV,0.005243465695002603,0
649,3055-OYMSE,0.26193293024437236,0
650,3280-NMUVX,0.01200780060434836,0
651,4884-ZTHVF,0.6745834210266051,1
652,7924-GJZFI,0.46062118611648356,0
653,2842-BCQGE,0.32677926714619704,0
654,8750-QWZAJ,0.002022347121462047,0
655,9739-JLPQJ,0.0635628699106663,0
656,9360-OMDZZ,0.5528055156791195,1
657,8510-AWCXC,0.6200796326590168,1
658,0867-MKZVY,0.30244750968217377,0
659,6067-NGCEU,0.23001325574985665,0
660,8874-EJNSR,0.004261183786922684,0
661,2330-PQGDQ,0.0925097528070865,0
662,3084-DOWLE,0.005751169157878085,0
663,4412-YLTKF,0.48151358038050796,0
664,2072-ZVJJX,0.00826985341890203,0
665,3045-XETSH,0.6127268687963491,1
666,4531-AUZNK,0.19456283870808314,0
667,9063-ZGTUY,0.0405879596654388,0
668,9776-OJUZI,0.25237784613574127,0
669,6705-LXORM,0.5571435747117204,1
670,8541-QVFKM,0.5937359687291959,1
671,7088-FBAWU,0.1597229748659949,0
672,3173-NVMPX,0.2019833320032296,0
673,4237-RLAQD,0.47778441947138084,0
674,2612-RRIDN,0.6960728177605461,1
675,4282-MSACW,0.39531178249215027,0
676,5176-LMJXE,0.007528994869040993,0
677,4110-PFEUZ,0.786845564249001,1
678,1474-JUWSM,0.14726809922952536,0
679,9323-HGFWY,0.33630583132433167,0
680,1460-UZPRJ,0.006509897427499164,0
681,4332-MUOEZ,0.21081734654335738,0
682,8388-DMKAE,0.04614902206886609,0
683,4570-QHXHL,0.4453995931998875,0
684,6304-IJFSQ,0.4701173943687478,0
685,4351-QLCSU,0.5459490589910495,1
686,5035-BVCXS,0.493154596162587,0
687,3823-KYNQY,0.06245125597264936,0
688,1904-WAJAA,0.06450865162867568,0
689,6746-WAUWT,0.062033289867632256,0
690,7452-FOLON,0.0462745136516854,0
691,8205-VSLRB,0.0114420127112965,0
692,1307-ATKGB,0.4952377896588255,0
693,0471-ARVMX,0.26907317463752406,0
694,9621-OUPYD,0.029044238737289906,0
695,3795-GWTRD,0.01689859692775307,0
696,9926-PJHDQ,0.05294006302169506,0
697,3506-OVLKD,0.05584906279725952,0
698,7596-LDUXP,0.34341672656117667,0
699,7079-QRCBC,0.5689225715932044,1
700,1635-NZATJ,0.010956936710934157,0
701,7571-YXDAD,0.5483550940008585,1
702,5377-NDTOU,0.005210078987199701,0
703,6856-RAURS,0.68410033861027,1
704,2959-EEXWB,0.16293033259542386,0
705,8996-ZROXE,0.16375062701377133,0
706,6145-NNPNO,0.3881518464139155,0
707,8232-CTLKO,0.11641091142473922,0
708,5044-LRQAQ,0.5126053920651639,1
709,7951-QKZPL,0.0035361393177979154,0
710,5236-PERKL,0.14530085830043193,0
711,0212-ISBBF,0.23813379399356957,0
712,6956-SMUCM,0.6201307572517343,1
713,1950-KSVVJ,0.31964906931823533,0
714,2626-VEEWG,0.00420005084655414,0
715,4213-HKBJO,0.024516934831731826,0
716,1845-CSBRZ,0.3628335800274202,0
717,8727-XDPUD,0.08523289261089094,0
718,2398-YPMUR,0.6074564937656287,1
719,7596-ZYWBB,0.023693851623625858,0
720,1116-FRYVH,0.01906918610932823,0
721,2171-UDMFD,0.04682850159296932,0
722,6072-NUQCB,0.018179209510140147,0
723,2321-OMBXY,0.10319283422832756,0
724,9365-CSLBQ,0.0031134974502489304,0
725,5678-VFNEQ,0.1896025649502047,0
726,9426-SXNHE,0.20505772841129882,0
727,7841-FCRQD,0.11646689562195751,0
728,1508-DFXCU,0.6354496447153121,1
729,7409-JURKQ,0.24739889437067802,0
730,7632-YUTXB,0.011021505229260995,0
731,2656-TABEH,0.7215250711434554,1
732,4872-JCVCA,0.024770256821777387,0
733,4365-MSDYN,0.16492749220172775,0
734,9906-NHHVC,0.07497078136802578,0
735,3950-VPYJB,0.03428813621502898,0
736,2227-JRSJX,0.30793736094012514,0
737,6527-PZFPV,0.0170872820727908,0
738,9929-PLVPA,0.12320115405814963,0
739,6016-LVTJQ,0.022244438361775098,0
740,4236-XPXAV,0.542535144485935,1
741,1591-XWLGB,0.0030211012451694884,0
742,3871-IKPYH,0.7036378326090823,1
743,7130-YXBRO,0.33612744498729863,0
744,9867-NNXLC,0.03974657063910318,0
745,7037-MTYVW,0.05158261774571815,0
746,7239-HZZCX,0.3377428989611498,0
747,3804-RVTGV,0.3138519947550972,0
748,5539-TMZLF,0.8458260125231883,1
749,7572-KPVKK,0.261551706502375,0
750,9742-XOKTS,0.23290002324909537,0
751,6260-ONULR,0.6409249606301579,1
752,1589-AGTLK,0.5296648593180641,1
753,3813-DHBBB,0.02891789419154854,0
754,1282-IHQAC,0.14020918886084963,0
755,3594-IVHJZ,0.21423157076297708,0
756,8993-PHFWD,0.48306453772063973,0
757,6038-GCYEC,0.20977015898993703,0
758,7566-DSRLQ,0.13946803208384567,0
759,0376-OIWME,0.41444256383690264,0
760,2969-VAPYH,0.03400348724594264,0
761,7008-LZVOZ,0.006363437647199587,0
762,3446-QDSZF,0.3711317762391824,0
763,2868-MZAGQ,0.8301731512866282,1
764,5787-KXGIY,0.01968317930139604,0
765,0927-CNGRH,0.30970113684296807,0
766,6839-ITVZJ,0.13472005164118983,0
767,9619-GSATL,0.07820487655210838,0
768,8773-HHUOZ,0.22629240532723416,0
769,1848-LBZHY,0.28490183879234054,0
770,3521-SYVOR,0.21177296631544976,0
771,5146-CBVOE,0.37304315778492936,0
772,2894-QOJRX,0.2240105122986773,0
773,7318-EIVKO,0.3673088823777342,0
774,5074-FBGHB,0.24759808292425567,0
775,2665-NPTGL,0.5044869050708294,1
776,5562-YJQGT,0.19077382447905136,0
777,7634-WSWDB,0.43466055981286267,0
778,5940-NFXKV,0.5264369229063053,1
779,5131-PONJI,0.22907836700144668,0
780,7446-KQISO,0.2620787383438138,0
781,9866-OCCKE,0.07459589694032503,0
782,5245-VDBUR,0.05948255917245278,0
783,2719-BDAQO,0.45216898490427815,0
784,3528-HFRIQ,0.18262547035324764,0
785,3675-EQOZA,0.1511853691892124,0
786,2120-SMPEX,0.034682364243511635,0
787,0004-TLHLJ,0.673082248209169,1
788,6377-KSLXC,0.12454543923821534,0
789,6507-DTJZV,0.19844032195127376,0
790,2146-EGVDT,0.025829340439057814,0
791,4713-LZDRV,0.7595176696395259,1
792,2703-AMTUL,0.048462954472742535,0
793,2403-BCASL,0.28893113585421704,0
794,2636-OHFMN,0.5160442643634854,1
795,8559-CIZFV,0.07706158962909729,0
796,3556-BVQGL,0.04194295263386513,0
797,6996-KNSML,0.7778332035128608,1
798,0064-YIJGF,0.32208214144039116,0
799,5073-RZGBK,0.09089776887193546,0
800,4967-WPNCF,0.010979240540008803,0
801,5802-ADBRC,0.30238498351496856,0
802,0114-RSRRW,0.14145417095314647,0
803,5649-TJHOV,0.2213627632946396,0
804,0129-QMPDR,0.026324430107569036,0
805,2070-XYMFH,0.38695676148902763,0
806,9061-TIHDA,0.6824427768964166,1
807,6599-CEBNN,0.3554855906229511,0
808,4923-ADWXJ,0.17220416930464605,0
809,6654-QGBZZ,0.3377428989611498,0
810,4480-MBMLB,0.36747665434022275,0
811,8946-BFWSG,0.0023590063467889364,0
812,4366-CTOUZ,0.1548974289971046,0
813,2294-SALNE,0.16251428852666877,0
814,5829-NVSQN,0.11562701487699291,0
815,4625-EWPTF,0.45996289386436906,0
816,5902-WBLSE,0.0019464404722541102,0
817,4495-LHSSK,0.12905297312549166,0
818,2236-HILPA,0.0012152789893868485,0
819,8818-DOPVL,0.4957819478936547,0
820,8745-PVESG,0.07165130662045843,0
821,0536-ESJEP,0.04162698795423823,0
822,1200-TUZHR,0.6670293740055864,1
823,1513-XNPPH,0.5194296960164987,1
824,9631-XEYKE,0.42111398757036417,0
825,0869-PAPRP,0.4233437936190282,0
826,7167-PCEYD,0.011141983775740421,0
827,1240-HCBOH,0.01566846769207648,0
828,4476-OSWTN,0.23350139379463852,0
829,6240-EURKS,0.2966806312534079,0
830,2038-OEQZH,0.6873896192815123,1
831,4712-AUQZO,0.1472951586028971,0
832,8761-NSOBC,0.4011875263093263,0
833,1202-KKGFU,0.19223012920733695,0
834,9259-PACGQ,0.13261435601620714,0
835,9362-MWODR,0.12073094454754393,0
836,6341-JVQGF,0.14611923511662894,0
837,6979-TNDEU,0.1269589137331399,0
838,9057-MSWCO,0.21902287536053297,0
839,4011-ARPHK,0.09544298975305462,0
840,2091-GPPIQ,0.07895973561878544,0
841,7683-CBDKJ,0.19407519633989362,0
842,2848-YXSMW,0.0011838908373090413,0
843,5666-MBJPT,0.031220985744829687,0
844,6356-ELRKD,0.7314255869100971,1
845,6689-VRRTK,0.3679049275212345,0
846,8348-JLBUG,0.08020906049651287,0
847,7426-WEIJX,0.23788892895594607,0
848,9107-UKCKY,0.16248215557948817,0
849,5075-JSDKI,0.061492586174752575,0
850,2485-ITVKB,0.6372983032857715,1
851,5474-LAMUQ,0.01366516767829895,0
852,2240-HSJQD,0.36134461444669796,0
853,2082-OJVTK,0.5237066693796397,1
854,4846-WHAFZ,0.5341530760300656,1
855,9710-NJERN,0.009621943309906837,0
856,3131-NWVFJ,0.05112844398732377,0
857,5692-ICXLW,0.5485582360843497,1
858,8512-WIWYV,0.01677167219266868,0
859,4568-KNYWR,0.031312131364937996,0
860,0107-YHINA,0.7959258433832781,1
861,9415-TPKRV,0.26019026947460167,0
862,0322-CHQRU,0.4721799372541578,0
863,9402-CXWPL,0.29477084782271723,0
864,0746-JTRFU,0.5640607687331733,1
865,3097-IDVPU,0.15464301839544337,0
866,1480-BKXGA,0.022194601667248345,0
867,7481-ATQQS,0.3344772495445985,0
868,7161-DFHUF,0.0022937075493291905,0
869,4735-BJKOU,0.009621943309906837,0
870,0956-SYCWG,0.09135341969299277,0
871,8217-QYOHV,0.3314813148344452,0
872,0032-PGELS,0.41962909826130707,0
873,6437-UKHMV,0.646369481906228,1
874,7794-JASDG,0.4656383598600852,0
875,0722-TROQR,0.6857491631737751,1
876,2235-EZAIK,0.021094041159116537,0
877,5899-OUVKV,0.5754833267430192,1
878,9173-IVZVP,0.0019973135252416394,0
879,1813-JLKWR,0.014141339038106979,0
880,4188-FRABG,0.23950278184797966,0
881,6447-EGDIV,0.026556738332842163,0
882,8098-LLAZX,0.7188975819098649,1
883,1501-SGHBW,0.47601624717535407,0
884,7315-WYOAW,0.5811593756944966,1
885,0947-IDHRQ,0.5712567571267256,1
886,3158-MOERK,0.7665351296066987,1
887,7666-WKRON,0.21299514965886135,0
888,2088-IEBAU,0.04461120207013845,0
889,8634-MPHTR,0.5291406681877548,1
890,5138-WVKYJ,0.49049590781140623,0
891,0723-FDLAY,0.15510288198286237,0
892,1552-TKMXS,0.05733639552590994,0
893,8180-AKMJV,0.4344991942053927,0
894,5989-AXPUC,0.07936484964770475,0
895,0479-HMSWA,0.235706739246749,0
896,6029-CSMJE,0.214332292359383,0
897,8904-OPDCK,0.18988375921278672,0
898,4521-WFJAI,0.04716927340074222,0
899,2342-CKIAO,0.19202145672926232,0
900,1397-XKKWR,0.18926773887230297,0
901,1087-UDSIH,0.2565551627557889,0
902,1530-ZTDOZ,0.1368513489984031,0
903,4510-PYUSH,0.2056244131261772,0
904,7695-PKLCZ,0.008893415273275251,0
905,0851-DFJKB,0.26824655531595115,0
906,6898-RBTLU,0.031625735940713696,0
907,8999-YPYBV,0.024445871870901397,0
908,2270-CHBFN,0.158240301837567,0
909,1106-HRLKZ,0.0024733807887659946,0
910,2659-VXMWZ,0.2046957977337373,0
911,9640-ZSLDC,0.06470112063098654,0
912,8263-JQAIK,0.5855729625784128,1
913,8819-IMISP,0.5149822949278164,1
914,8757-TFHHJ,0.4173958870573658,0
915,4958-XCBDQ,0.5703979461356067,1
916,8380-MQINP,0.002187666503051709,0
917,3896-RCYYE,0.1359553817867125,0
918,2592-YKDIF,0.3080510794095548,0
919,4078-SAYYN,0.6838513371229934,1
920,5945-AZYHT,0.23521240176778987,0
921,3137-LUPIX,0.36226863483989824,0
922,9281-CEDRU,0.010987088051088287,0
923,1265-BCFEO,0.027746051346005482,0
924,7225-CBZPL,0.6298582843864459,1
925,8203-XJZRC,0.36485305024991016,0
926,4234-XTNEA,0.7543739385035511,1
927,9261-WDCAF,0.39516376038146867,0
928,4598-XLKNJ,0.5776762026108025,1
929,9658-WYUFB,0.5111683325336722,1
930,0607-MVMGC,0.09308984755909583,0
931,4763-PGDPO,0.5508953672399659,1
932,1060-ENTOF,0.1600304087937559,0
933,1173-XZPYF,0.6335504736992346,1
934,6317-YPKDH,0.4086652518629206,0
935,2034-GDRCN,0.764738711146026,1
936,9269-CQOOL,0.42894736055354643,0
937,3764-MNMOI,0.033812869606270404,0
938,4573-JKNAE,0.06345513574512467,0
939,8782-NUUOL,0.09099664050858124,0
940,3795-CAWEX,0.02998604947050029,0
941,4817-KEQSP,0.002214654813769739,0
942,0013-MHZWF,0.3015196487673674,0
943,9397-TZSHA,0.008615637495497474,0
944,8938-UMKPI,0.4586244463642653,0
945,5590-BYNII,0.5149636870500605,1
946,9074-KGVOX,0.14853635207690874,0
947,1010-DIAUQ,0.6651932383012581,1
948,2187-PKZAY,0.5316040780412138,1
949,2439-LYPMQ,0.5201397929338163,1
950,8807-OPMBM,0.053587316107920155,0
951,8200-KLNYW,0.10522271831632256,0
952,0786-IVLAW,0.2881151957121575,0
953,2433-KMEAS,0.2417794694215055,0
954,8007-YYPWD,0.041734219300983935,0
955,7623-HKYRK,0.10349612110550527,0
956,2474-LCNUE,0.16557989321442532,0
957,2753-JMMCV,0.020857183385281263,0
958,7595-EUIVN,0.6134268757694443,1
959,6615-NGGZJ,0.6074251791988092,1
960,2660-EMUBI,0.7179276038796071,1
961,1032-MAELW,0.10338361548921765,0
962,2169-RRLFW,0.008770144037769835,0
963,0269-XFESX,0.008965506279986678,0
964,8329-UTMVM,0.3417616583854573,0
965,4137-BTIKL,0.5948501086977399,1
966,6968-URWQU,0.14136398778735682,0
967,9978-HYCIN,0.23932600443899343,0
968,8690-ZVLCL,0.007336688351673546,0
969,3261-CQXOL,0.0038274428170980545,0
970,7064-JHXCE,0.0012152789893868485,0
971,3705-RHRFR,0.06958640634250073,0
972,1732-FEKLD,0.16436822800365078,0
973,6103-QCKFX,0.08136878941336263,0
974,1074-WVEVG,0.020469945853342286,0
975,4578-PHJYZ,0.08259486945563978,0
976,0206-OYVOC,0.004436386682187484,0
977,3392-EHMNK,0.04549565658253568,0
978,3694-GLTJM,0.15971865217563713,0
979,9931-KGHOA,0.11102863881465946,0
980,9474-PHLYD,0.3287032539000842,0
981,0582-AVCLN,0.00940917735246003,0
982,8660-BUETV,0.38716353893495703,0
983,8980-WQFWL,0.1982075996822881,0
984,1137-DGOWI,0.11168641847619418,0
985,4942-VZZOM,0.058746665553360285,0
986,5898-IGSLP,0.23434955870899046,0
987,9314-QDMDW,0.21458438125049834,0
988,3973-SKMLN,0.012294598358516763,0
989,4415-WNGVR,0.3193963380289353,0
990,8544-GOQSH,0.4339152713584359,0
991,7402-PWYJJ,0.2696646540997845,0
992,0794-YVSGE,0.0017098471214620466,0
993,0455-ENTCR,0.11061819693723969,0
994,8430-TWCBX,0.01727924668924021,0
995,5879-SESNB,0.4936934608939343,0
996,8706-HRADD,0.1896905531390535,0
997,0748-RDGGM,0.1877144189683055,0
998,7665-NKLAV,0.042210639454264974,0
999,8821-KVZKQ,0.11246051626504494,0
1000,8042-RNLKO,0.07026078260396318,0
1001,6904-JLBGY,0.04729372411217014,0
1002,3473-XIIIT,0.5825150073702505,1
1003,0505-SPOOW,0.0035027441987434123,0
1004,3914-FDRHP,0.5694547239180736,1
1005,6000-UKLWI,0.009621943309906837,0
1006,8461-EFQYM,0.10544672705556266,0
1007,4695-WJZUE,0.7803746524502015,1
1008,2904-GGUAZ,0.024173883706126113,0
1009,5791-KAJFD,0.09437790205948043,0
1010,8627-ZYGSZ,0.30093324053767273,0
1011,8158-WPEZG,0.4326475150139125,0
1012,8792-AOROI,0.07694813039507836,0
1013,9560-BBZXK,0.07289493512077069,0
1014,0685-MLYYM,0.600859728289474,1
1015,3472-OAOOR,0.13966686238245457,0
1016,4813-HQMGZ,0.5191940700067217,1
1017,8665-UTDHZ,0.5281240392036731,1
1018,8914-RBTSB,0.37345410521122097,0
1019,1142-WACZW,0.4099894560022944,0
1020,2253-KPMNB,0.011814330789250056,0
1021,8707-RMEZH,0.15481898008543893,0
1022,5306-BVTKJ,0.11242238225210795,0
1023,0118-JPNOY,0.3797814742396377,0
1024,5089-IFSDP,0.12011491321024927,0
1025,9766-HGEDE,0.02852424395986297,0
1026,9620-QJREV,0.015856991948034874,0
1027,6285-FTQBF,0.0033014865329450494,0
1028,9309-BZGNT,0.11918592481831704,0
1029,5724-BIDBU,0.15390674417020012,0
1030,9972-VAFJJ,0.2797048394919203,0
1031,8070-AAWZP,0.20438994112931724,0
1032,7363-QTBIW,0.664009708414515,1
1033,7337-CINUD,0.04619364624712644,0
1034,0578-SKVMF,0.3729505517277083,0
1035,9110-HSGTV,0.02071285865993876,0
1036,5170-PTRKA,0.07309626654036427,0
1037,6179-GJPSO,0.3516863806315247,0
1038,5590-YRFJT,0.28687607522665565,0
1039,2908-ZTPNF,0.16256239780814505,0
1040,5061-PBXFW,0.07275369876691253,0
1041,8755-OGKNA,0.0026049362849178566,0
1042,8510-BBWMU,0.0219621984071314,0
1043,6968-GMKPR,0.3647223310855842,0
1044,9424-CMPOG,0.044012370649972904,0
1045,3006-XIMLN,0.6949298434340966,1
1046,7025-WCBNE,0.06055726796338694,0
1047,2205-YMZZJ,0.6708723939443595,1
1048,8580-AECUZ,0.8323842758073525,1
1049,2359-KMGLI,0.4776169266415124,0
1050,7598-UAASY,0.639822959316835,1
1051,8345-MVDYC,0.020195447045521234,0
1052,7613-LLQFO,0.6273243748329471,1
1053,6954-OOYZZ,0.21828132135821895,0
1054,8756-RDDLT,0.16249441129674927,0
1055,4565-NLZBV,0.003995505907822214,0
1056,1335-HQMKX,0.27580525689922974,0
1057,9846-GKXAS,0.6043224351411405,1
1058,0310-MVLET,0.3612945153879405,0
1059,2883-ILGWO,0.3211456695129624,0
1060,6184-DYUOB,0.26022808076354736,0
1061,9548-LIGTA,0.025947349759025334,0
1062,1131-QQZEB,0.01566971506848005,0
1063,7783-YKGDV,0.5071832319832377,1
1064,8752-STIVR,0.7017034110296104,1
1065,4360-PNRQB,0.39144148241906657,0
1066,0278-YXOOG,0.1145601495108527,0
1067,5301-GAUUY,0.38956607252637737,0
1068,8290-YWKHZ,0.5778804544915854,1
1069,3737-GCSPV,0.41794916024325834,0
1070,8229-TNIQA,0.4120320397047868,0
1071,1561-BWHIN,0.042094998081272615,0
1072,1716-LSAMB,0.05409385064741668,0
1073,2829-HYVZP,0.018972747608899537,0
1074,9650-VBUOG,0.0025782845553878413,0
1075,1262-OPMFY,0.5800221136133827,1
1076,2809-ILCYT,0.0645265252692143,0
1077,1928-BXYIV,0.5070558394145634,1
1078,4138-NAXED,0.22251486130305856,0
1079,8807-ARQET,0.21850607918516102,0
1080,7606-BPHHN,0.012294598358516763,0
1081,9919-YLNNG,0.35385512890934784,0
1082,6231-WFGFH,0.21870906400149667,0
1083,4948-WBBKL,0.420986786011445,0
1084,5863-OOKCL,0.161383498923139,0
1085,2023-VQFDL,0.23254814013734176,0
1086,3003-CMDUU,0.42021428557597107,0
1087,5546-QUERU,0.05756782304417966,0
1088,1430-SFQSA,0.07402753656340301,0
1089,3466-BYAVD,0.25436883289909185,0
1090,7593-JNWRU,0.27686744265941454,0
1091,3956-MGXOG,0.5242600807310399,1
1092,4718-DHSMV,0.3537385414963062,0
1093,2788-CJQAQ,0.04398001853869646,0
1094,2379-ENZGV,0.6428782242239542,1
1095,8565-WUXZU,0.06773384272867039,0
1096,7993-PYKOF,0.3846863055712675,0
1097,9578-FOMUK,0.2008815472241762,0
1098,1986-PHGZF,0.22406442736979248,0
1099,0562-HKHML,0.0011838908373090413,0
1100,9432-RUVSL,0.15610854169212576,0
1101,6061-PQHMK,0.029294397445800396,0
1102,4402-FTBXC,0.18920438247181445,0
1103,2911-IJORQ,0.14707283916177616,0
1104,3621-CHYVB,0.12900002780222633,0
1105,9495-REDIY,0.14868638689203256,0
1106,0253-ZTEOB,0.08170145932039034,0
1107,6537-QLGEX,0.43276589807132126,0
1108,3253-HKOKL,0.2920627982163159,0
1109,0048-LUMLS,0.2124039634867937,0
1110,8413-VONUO,0.5829766749165113,1
1111,6078-VESFR,0.4828761262739822,0
1112,8645-KWHJO,0.3292592167524732,0
1113,9912-GVSEQ,0.5339151134959566,1
1114,4654-ULTTN,0.04406856679214,0
1115,2129-ALKBS,0.0824980708235856,0
1116,1265-XTECC,0.21664146748894672,0
1117,1345-ZUKID,0.037145446041087195,0
1118,5671-UUNXD,0.3784412881608747,0
1119,4547-KQRTM,0.5468702607886571,1
1120,6108-OQZDQ,0.7085848917569844,1
1121,3757-NJYBX,0.43290270566961936,0
1122,1150-FTQGN,0.12240734036665732,0
1123,1750-CSKKM,0.31025928463513247,0
1124,6175-IRFIT,0.5901976238040721,1
1125,1794-HBQTJ,0.42596731562879425,0
1126,1197-BVMVG,0.6891957103996483,1
1127,8952-WCVCD,0.31651172057520477,0
1128,1053-MXTTK,0.07222906317955598,0
1129,7966-YOTQW,0.24538056848085443,0
1130,5366-OBVMR,0.20084745817060728,0
1131,7073-QETQY,0.06316113993562435,0
1132,1937-OTUKY,0.05416576467406373,0
1133,2925-VDZHY,0.004089434642609826,0
1134,3727-OVPRY,0.027790836308656378,0
1135,1322-AGOQM,0.16931644632116252,0
1136,8266-VBFQL,0.551293611137676,1
1137,0744-BIKKF,0.009097012950840951,0
1138,4210-QFJMF,0.7094215998880767,1
1139,3719-TDVQB,0.043740962053656046,0
1140,1867-TJHTS,0.16889016654787103,0
1141,6726-NNFWD,0.06757144714609277,0
1142,4931-TRZWN,0.3030640632725176,0
1143,6265-FRMTQ,0.006752361919419837,0
1144,4109-CYRBD,0.31521916478838397,0
1145,1871-MOWRM,0.3812862261467301,0
1146,8902-ZEOVF,0.00840461944658041,0
1147,5656-MJEFC,0.031550821199775966,0
1148,7938-OUHIO,0.5540637043078038,1
1149,3096-JRDSO,0.46205373991507126,0
1150,3489-VSFRD,0.05406066793766423,0
1151,2514-GINMM,0.8228549107418296,1
1152,6776-TLWOI,0.19720875591634265,0
1153,5542-NKVRU,0.00915073189727551,0
1154,2604-XVDAM,0.2263610018846935,0
1155,1488-PBLJN,0.020487259843079114,0
1156,2207-NHRJK,0.4914887766179069,0
1157,7905-TVXTA,0.44153073730529546,0
1158,3587-PMCOY,0.5124620990575406,1
1159,9637-EIHEQ,0.49096147116454764,0
1160,8884-ADFVN,0.7362355938197791,1
1161,3583-EKAPL,0.6433408724879022,1
1162,6439-GTPCA,0.29072205107888266,0
1163,2472-OVKUP,0.6721672037915636,1
1164,4439-JMPMT,0.509888122581553,1
1165,6685-GBWJZ,0.046154463446094904,0
1166,9574-BOSMD,0.003556664164429638,0
1167,9584-EXCDZ,0.39271841771982685,0
1168,2770-NSVDG,0.2410594665710625,0
1169,1230-QAJDW,0.4203176257438039,0
1170,8608-OZTLB,0.10702120055765735,0
1171,8739-QOTTN,0.20933059595287784,0
1172,4822-LPTYJ,0.1431907917013219,0
1173,8685-WHQPW,0.39326654327805793,0
1174,0369-ZGOVK,0.2652319534537334,0
1175,8535-SFUTN,0.30891831321938645,0
1176,1731-TVIUK,0.5767807116854041,1
1177,7564-GHCVB,0.01905956890799683,0
1178,5985-TBABQ,0.09744205861852563,0
1179,9103-TCIHJ,0.22826609533322798,0
1180,2599-CIPQE,0.03899299415715522,0
1181,0078-XZMHT,0.023964430820952554,0
1182,5442-XSDCW,0.5299347811384847,1
1183,6905-NIQIN,0.45953447641773193,0
1184,3627-FCRDW,0.4916491551622748,0
1185,9796-BPKIW,0.5289658970527935,1
1186,7245-NIIWQ,0.6901415129272347,1
1187,9734-YWGEX,0.5971848355468176,1
1188,2202-CUYXZ,0.7874759315730796,1
1189,5175-AOBHI,0.4120320397047868,0
1190,6682-QJDGB,0.11114546503557346,0
1191,8634-CILSZ,0.21853180855723114,0
1192,3038-PQIUY,0.13894700564610712,0
1193,5600-PDUJF,0.31103692498880253,0
1194,0953-LGOVU,0.18230590544717556,0
1195,6851-WEFYX,0.5701979653893963,1
1196,4619-EVPHY,0.34165489739724086,0
1197,9940-RHLFB,0.6352451757462149,1
1198,3209-ZPKFI,0.14965232554188,0
1199,2408-PSJVE,0.1315149745595129,0
1200,1705-GUHPV,0.010771349012248186,0
1201,7153-OANIO,0.7414328116809563,1
1202,2692-PFYTJ,0.3317994548669635,0
1203,4397-FRLTA,0.1700324310646271,0
1204,0328-GRPMV,0.802728323556786,1
1205,2320-JRSDE,0.2934395577412271,0
1206,3523-BRGUW,0.026269688289060542,0
1207,4770-UEZOX,0.7023981781555839,1
1208,4817-VYYWS,0.5744453190109483,1
1209,7341-LXCAF,0.6671216106113822,1
1210,3639-XJHKQ,0.1782408932378982,0
1211,4730-AWNAU,0.06709573452085035,0
1212,7674-YTAFD,0.20027687802856167,0
1213,5698-BQJOH,0.6229450960445593,1
1214,2200-DSAAL,0.1179035849897432,0
1215,5240-IJOQT,0.7944596080900125,1
1216,4854-SSLTN,0.20487523696525994,0
1217,2937-FTHUR,0.22106174794304098,0
1218,6688-UZPWD,0.6677646908116356,1
1219,0336-PIKEI,0.04727929806231272,0
1220,4450-MDZFX,0.1711917427204717,0
1221,3768-VHXQO,0.0027433234673917106,0
1222,8731-WBBMB,0.13730878737577104,0
1223,9795-NREXC,0.02917868026659195,0
1224,8457-XIGKN,0.0855170077465362,0
1225,0356-OBMAC,0.139723654246716,0
1226,9172-JITSM,0.5436919029871942,1
1227,0186-CAERR,0.3894155406016065,0
1228,8465-SBRXP,0.13733479023606437,0
1229,9257-AZMTZ,0.0025170191457481316,0
1230,7472-EQOAV,0.11177487036048793,0
1231,4962-CHQPW,0.013686843607225345,0
1232,1396-QWFBJ,0.32541431062671733,0
1233,1544-JJMYL,0.05306967484811329,0
1234,3945-GFWQL,0.3470373017212426,0
1235,2851-STERV,0.19459460335639334,0
1236,5630-IXDXV,0.47718454811403244,0
1237,6122-EFVKN,0.053420340579421174,0
1238,4860-YZGZM,0.2207863922734324,0
1239,4828-FAZPK,0.3579962810062371,0
1240,0397-ZXWQF,0.009508825584008437,0
1241,0742-MOABM,0.3236385602254422,0
1242,0513-RBGPE,0.028007403250804558,0
1243,9548-ZMVTX,0.027251075079119298,0
1244,5482-NUPNA,0.3321983382156404,0
1245,6982-UQZLY,0.4965345351645201,0
1246,7254-IQWOZ,0.8429705450006441,1
1247,7925-PNRGI,0.11064236548345752,0
1248,4576-CSAJH,0.16335298720325642,0
1249,0122-OAHPZ,0.6040836037409335,1
1250,0526-SXDJP,0.025871697671553572,0
1251,7581-EBBOU,0.07623113117389237,0
1252,3251-YMVWZ,0.034823671338560076,0
1253,9481-IEBZY,0.2801519850335587,0
1254,5248-YGIJN,0.010500084085457844,0
1255,3266-FTKHB,0.0396832250503111,0
1256,3174-AKMAS,0.03786886586021179,0
1257,5982-FPVQN,0.4583484397874639,0
1258,5445-GLVOT,0.25520098344710396,0
1259,4232-JGKIY,0.2502597696142305,0
1260,8486-AYEQH,0.48889459669705604,0
1261,4143-HHPMK,0.41888912648499776,0
1262,5197-YPYBZ,0.02900455165037452,0
1263,6463-HHXJR,0.026655808500874217,0
1264,7322-OCWHC,0.030574437954749917,0
1265,6537-OTKMY,0.20950961439877536,0
1266,5832-EXGTT,0.12386205580954307,0
1267,1310-QRITU,0.32700627335713,0
1268,1436-ZMJAN,0.3218507304196714,0
1269,7677-SJJJK,0.06539693482925588,0
1270,4951-UKAAQ,0.7132456655662489,1
1271,1265-ZFOSD,0.01795167984363918,0
1272,0704-VCUMB,0.008246704903962803,0
1273,8540-ZQGEA,0.022204769082793493,0
1274,1135-LMECX,0.3377428989611498,0
1275,4238-JSSWH,0.4382064417227259,0
1276,4510-HIMLV,0.8429705450006441,1
1277,7634-HLQJR,0.001152247072121442,0
1278,2959-FENLU,0.5978871915725058,1
1279,5795-KTGUD,0.0718090064622979,0
1280,0743-HRVFF,0.1468811793965547,0
1281,8640-SDGKB,0.403858388931149,0
1282,0377-JBKKT,0.09540307920219916,0
1283,2391-SOORI,0.364697593798337,0
1284,8311-UEUAB,0.17136497760132616,0
1285,4825-XJGDM,0.04420713207564085,0
1286,1612-EOHDH,0.539333621052124,1
1287,9659-QEQSY,0.35155779457602265,0
1288,8331-ZXFOE,0.05742545455986789,0
1289,9526-JAWYF,0.43797828670361094,0
1290,6413-XKKPU,0.4552437045762689,0
1291,9507-HSMMZ,0.009392522231738344,0
1292,6483-OATDN,0.2233853772850274,0
1293,6496-JDSSB,0.588477503980308,1
1294,2296-DKZFP,0.022745972904137064,0
1295,2230-XTUWL,0.0024733807887659946,0
1296,1169-SAOCL,0.3377679329529969,0
1297,2212-LYASK,0.1289640649680108,0
1298,4855-SNKMY,0.5214621584613411,1
1299,3178-FESZO,0.7431528136028878,1
1300,3199-XGZCY,0.5926130280802347,1
1301,1092-GANHU,0.48886968621662175,0
1302,4299-SIMNS,0.51464139271881,1
1303,5876-QMYLD,0.007688171895927666,0
1304,0946-FKYTX,0.12257006306294635,0
1305,4080-IIARD,0.25786133572751213,0
1306,3970-XGJDU,0.037936051032217435,0
1307,7435-ZNUYY,0.05085194965263677,0
1308,0057-QBUQH,0.05516410605092054,0
1309,7064-FRRSW,0.4035082189593798,0
1310,5982-XMDEX,0.014268325332303631,0
1311,0626-QXNGV,0.007685282545761306,0
1312,4116-TZAQJ,0.4190327371082917,0
1313,9798-DRYDS,0.14727169852871666,0
1314,3191-CSNMG,0.6828842160968008,1
1315,4825-FUREZ,0.02211360854594508,0
1316,2293-IJWPS,0.2649492895589931,0
1317,2979-SXESE,0.4670359864380217,0
1318,4488-PSYCG,0.08997803093510552,0
1319,5167-ZFFMM,0.7560250342661186,1
1320,7206-PQBBZ,0.6171578821526803,1
1321,2988-GBIVW,0.2072238094388707,0
1322,3801-HMYNL,0.7767641398200245,1
1323,2254-DLXRI,0.7598237235617927,1
1324,6518-PPLMZ,0.0022288721908156326,0
1325,2930-UOTMB,0.09029960226624505,0
1326,2828-SLQPF,0.21194610072306774,0
1327,2404-JIBFC,0.030297008002407987,0
1328,8992-VONJD,0.24252949918390726,0
1329,8118-LSUEL,0.5607912927461681,1
1330,1213-NGCUN,0.32159061512544673,0
1331,7929-DMBCV,0.2567992155028292,0
1332,3620-MWJNE,0.47220670492613304,0
1333,0853-TWRVK,0.019730351709389395,0
1334,8019-ENHXU,0.3530372315220251,0
1335,0928-JMXNP,0.6694255629918573,1
1336,7243-LCGGZ,0.30374007732682456,0
1337,3165-HDOEW,0.46410542788689235,0
1338,9248-OJYKK,0.8186008505898227,1
1339,1820-TQVEV,0.8429705450006441,1
1340,9625-RZFUK,0.0015705364769972774,0
1341,9708-KFDBY,0.2443997110782885,0
1342,3205-MXZRA,0.07598325463479476,0
1343,2135-RXIHG,0.5520751021458721,1
1344,9470-YFUYI,0.06428448947154423,0
1345,5402-HTOTQ,0.3115944726675022,0
1346,0665-XHDJU,0.15544893910450985,0
1347,4054-CUMIA,0.060832967636153396,0
1348,6243-OZGFH,0.2670510480011677,0
1349,3662-FXJFO,0.006819317449686151,0
1350,9430-NKQLY,0.011371428487992647,0
1351,8628-MFKAX,0.03146009849923198,0
1352,0147-ESWWR,0.4361649659964747,0
1353,0365-GXEZS,0.366326838868912,0
1354,3334-CTHOL,0.4591548230343765,0
1355,4094-NSEDU,0.5706715581930208,1
1356,4745-LSPLO,0.33740201024974614,0
1357,1550-EENBN,0.38341527975301515,0
1358,0052-DCKON,0.3113536629282765,0
1359,6723-WSNTY,0.2344264019339848,0
1360,4832-VRBMR,0.25699564006045655,0
1361,2999-AANRQ,0.03914524365822778,0
1362,4636-QRJKY,0.4955022136106219,0
1363,9134-WYRVP,0.18119856798345194,0
1364,3746-EUBYR,0.7350964075402708,1
1365,2805-AUFQN,0.013713652857304663,0
1366,9774-NRNAU,0.24584617023489577,0
1367,9498-FIMXL,0.13253098646130645,0
1368,5288-AHOUP,0.6757265145256458,1
1369,2041-JIJCI,0.41236149955511014,0
1370,2639-UGMAZ,0.16065746558764077,0
1371,8905-IAZPF,0.18063862867829428,0
1372,4781-ZXYGU,0.5344472704863953,1
1373,9253-VIFJQ,0.04301713079553976,0
1374,2466-NEJOJ,0.09788026532885365,0
1375,6872-HXFNF,0.04471284784010332,0
1376,7054-DMVAS,0.030903504965619732,0
1377,8815-LMFLX,0.0809073217569237,0
1378,2181-TIDSV,0.0035723799063831995,0
1379,0541-FITGH,0.44967872741555326,0
1380,6332-FBZRI,0.04572107648123462,0
1381,1015-OWJKI,0.3371204697782839,0
1382,7173-TETGO,0.057250119552119366,0
1383,9967-ATRFS,0.0674075377191651,0
1384,0396-HUJBP,0.22023843943568583,0
1385,5542-TBBWB,0.8418594338895331,1
1386,0401-WDBXM,0.06857093687551732,0
1387,0870-VEMYL,0.34771744787124703,0
1388,3009-JWMPU,0.32243536155587044,0
1389,4616-ULAOA,0.07468765619115683,0
1390,0281-CNTZX,0.011611454889141703,0
1391,7609-YBPXG,0.017130398872908854,0
1392,8942-DBMHZ,0.08225606016458961,0
1393,0409-WTMPL,0.20505113255940935,0
1394,6366-ZGQGL,0.44349764618360576,0
1395,8125-QPFJD,0.014401866562248747,0
1396,0637-UBJRP,0.3660224363563012,0
1397,5307-UVGNB,0.15089949806716457,0
1398,3413-CSSTH,0.16857726880235788,0
1399,7248-VZQLC,0.31994598728006046,0
1400,8044-BGWPI,0.16986199032102572,0
1401,2890-WFBHU,0.07400817991285186,0
1402,5494-WOZRZ,0.014647961499709128,0
1403,6633-SYEUS,0.19384967255536728,0
1404,8082-GHXOP,0.18916652443025017,0
1405,3207-OYBWH,0.25679824282099556,0
1406,2075-RMJIK,0.3017868210672731,0
1407,0254-KCJGT,0.09167264832920496,0
1408,0862-PRCBS,0.0642027487600351,0
1409,0022-TCJCI,0.09772404143766499,0
1410,7020-OZKXZ,0.48957562388763276,0
1411,0572-ZJKLT,0.16142205975926685,0
1412,6313-GIDIT,0.26152084038662454,0
1413,3900-AQPHZ,0.3377428989611498,0
1414,9496-IVVRP,0.2000322382872194,0
1415,4558-CGYCZ,0.19315183628140978,0
1416,0854-UYHZD,0.020182119964231467,0
1417,7996-MHXLW,0.05352695796271705,0
1418,3400-ESFUW,0.013984226921794018,0
1419,0923-PNFUB,0.566727397651176,1
1420,5148-ORICT,0.013209255700424517,0
1421,6088-BXMRG,0.536296179857253,1
1422,2884-GBPFB,0.46960151126620514,0
1423,5197-PYEPU,0.14779654021130767,0
1424,9142-XMYJH,0.07692225040665229,0
1425,3181-VTHOE,0.10428618033230563,0
1426,1384-RCUXW,0.42340856820807926,0
1427,2573-GYRUU,0.33671694678597547,0
1428,0256-LTHVJ,0.5087086354135213,1
1429,1448-PWKYE,0.7343808258510235,1
1430,9770-KXGQU,0.14179869047317487,0
1431,7657-DYEPJ,0.13686187854000692,0
1432,3572-UUHRS,0.03364985952210128,0
1433,8063-RJYNF,0.5262647361819116,1
1434,5789-LDFXO,0.07002616666983069,0
1435,5480-HPRRX,0.6074059001394065,1
1436,5895-QSXOD,0.46941031641993497,0
1437,7945-PRBVF,0.008013240485228952,0
1438,6402-ZFPPI,0.4856985379579774,0
1439,0244-LGNFY,0.005332290095651504,0
1440,8212-CRQXP,0.386307708622043,0
1441,9819-FBNSV,0.46452078142179565,0
1442,7143-BQIBA,0.25839232384722893,0
1443,4106-HADHQ,0.10466552860025231,0
1444,3374-PZLXD,0.04576190260803345,0
1445,0637-YLETY,0.44017490330808384,0
1446,1465-LNTLJ,0.30093933484472163,0
1447,1409-PHXTF,0.18970046417679723,0
1448,5955-EPOAZ,0.13336661190174257,0
1449,2706-QZIHY,0.035107869388819546,0
1450,0970-ETWGE,0.7945842087726747,1
1451,4800-CZMPC,0.25625452540651517,0
1452,6927-WTFIV,0.31509322291455344,0
1453,2885-HIJDH,0.014836452274476388,0
1454,3156-QLHBO,0.23858218999038885,0
1455,3803-KMQFW,0.36694771293620904,0
1456,9708-HPXWZ,0.5224790795835481,1
1457,2845-AFFTX,0.5308362567327439,1
1458,5236-XMZJY,0.11380119095267423,0
1459,6556-DBKZF,0.16388102707696017,0
1460,3198-VELRD,0.6426851560992718,1
1461,6212-ATMLK,0.5232969459125199,1
1462,2636-ALXXZ,0.8458260125231883,1
1463,9300-AGZNL,0.8283931931478783,1
1464,2150-UWTFY,0.11357672250017363,0
1465,0743-HNPFG,0.07625010896030202,0
1466,9801-NOSHQ,0.014084462998457123,0
1467,5537-UXXVS,0.1494999098248289,0
1468,3943-KDREE,0.3426718705741735,0
1469,2607-DHDAK,0.0019464404722541102,0
1470,5701-SVCWR,0.2676644223920663,0
1471,5393-HJZSM,0.12261689184562118,0
1472,3402-XRIUO,0.1983377212439286,0
1473,2867-UIMSS,0.7883351943058894,1
1474,2876-GZYZC,0.6041167434802192,1
1475,7115-IRDHS,0.0029704791161872424,0
1476,9256-JTBNZ,0.11805778980952886,0
1477,6127-ISGTU,0.5689462922343177,1
1478,8802-UNOJF,0.5503300424845955,1
1479,6704-UTUKK,0.24305515621002374,0
1480,4456-RHSNB,0.193002354356151,0
1481,6769-DYBQN,0.35343878893714764,0
1482,3755-JBMNH,0.5501936853848067,1
1483,7379-POKDZ,0.672185745026422,1
1484,2892-GESUL,0.017411610655621686,0
1485,6217-KDYWC,0.02758571147156796,0
1486,6181-AXXYF,0.0014546694899774575,0
1487,2176-OSJUV,0.0072430494821628276,0
1488,4806-HIPDW,0.7921649429780271,1
1489,3278-FSIXX,0.5100286920078322,1
1490,8409-WQJUX,0.09087988867457755,0
1491,5311-IHLEI,0.2930502653719601,0
1492,4307-KWMXE,0.31074658994057414,0
1493,9415-ZNBSX,0.007984423134144773,0
1494,7105-MXJLL,0.12605862743432175,0
1495,1936-UAFEH,0.06814785673330884,0
1496,5628-FCGYG,0.5303452768578042,1
1497,5227-JSCFE,0.03935251788002269,0
1498,7812-FZHPE,0.04086049995629195,0
1499,8161-QYMTT,0.6825678967099944,1
1500,2325-WINES,0.3590211256580227,0
1501,1875-QIVME,0.5537134484912962,1
1502,4644-OBGFZ,0.010187163638594246,0
1503,0679-TDGAK,0.139807313449572,0
1504,3190-ITQXP,0.0021211858124147985,0
1505,9530-GRMJG,0.04601777949079399,0
1506,2773-MADBQ,0.03921266983765748,0
1507,1298-PHBTI,0.10921423417748376,0
1508,8417-FMLZI,0.5692197733209996,1
1509,1839-FBNFR,0.004349367288814511,0
1510,2731-GJRDG,0.35853261019720756,0
1511,2972-YDYUW,0.2815039563692945,0
1512,1769-GRUIK,0.4720779813159042,0
1513,9809-IMGCQ,0.5831683634622987,1
1514,9200-NLNPD,0.13116194657505936,0
1515,4376-KFVRS,0.021354816095954562,0
1516,0611-DFXKO,0.4409459153273571,0
1517,9677-AVKED,0.1060612165579268,0
1518,2900-PHPLN,0.024166136009165496,0
1519,0961-ZWLVI,0.3064880438658013,0
1520,8785-EPNCG,0.09977674685168139,0
1521,0423-UDIJQ,0.32880397885392787,0
1522,3858-VOBET,0.45196668356798136,0
1523,8292-FRFZQ,0.05950207341813427,0
1524,7586-ZATGZ,0.4613563712614201,0
1525,2068-WWXQZ,0.0067938827867617835,0
1526,8661-BOYNW,0.013389188334287108,0
1527,0778-NELLA,0.38081537862749365,0
1528,1977-STDKI,0.7712687847335067,1
1529,3389-YGYAI,0.6762790160918566,1
1530,8049-WJCLQ,0.25529487752967145,0
1531,7721-JXEAW,0.14004696164098632,0
1532,9488-FVZCC,0.007684153109964107,0
1533,1699-HPSBG,0.20996034208706546,0
1534,8464-EETCQ,0.0807267584951593,0
1535,4892-VLANZ,0.3377428989611498,0
1536,6857-TKDJV,0.0017098471214620466,0
1537,2189-WWOEW,0.4336392578287167,0
1538,4568-TTZRT,0.0991013040393582,0
1539,7402-EYFXX,0.5935531067678503,1
1540,1320-REHCS,0.3740413660360996,0
1541,5968-XQIVE,0.25884490681904565,0
1542,7758-UJWYS,0.12576016153011346,0
1543,5527-ACHSO,0.30070088466589656,0
1544,3842-IYKUE,0.20423085847675274,0
1545,0661-KBKPA,0.13782246672375106,0
1546,4816-LXZYW,0.48011039056788185,0
1547,1779-PWPMG,0.022194601667248345,0
1548,7410-OIEDU,0.4579673285012314,0
1549,3927-NLNRY,0.2226638924477095,0
1550,6907-NZZIJ,0.534602155972336,1
1551,0115-TFERT,0.34268691073617047,0
1552,0431-APWVY,0.28132230580299694,0
1553,5349-AZPEW,0.33157779608300963,0
1554,8444-WRIDW,0.1715556027322526,0
1555,7663-RGWBC,0.4587233883096107,0
1556,1833-VGRUM,0.7927929414233458,1
1557,3365-SAIGS,0.5446705953346072,1
1558,0876-WDUUZ,0.5109694485701867,1
1559,4254-QPEDE,0.01640105179427492,0
1560,9558-IHEZX,0.11927191687555283,0
1561,9752-ZNQUT,0.4884684531892905,0
1562,9639-BUJXT,0.03897467295442184,0
1563,8100-PNJMH,0.009860819916697018,0
1564,5859-HZYLF,0.015380079742304608,0
1565,8185-UPYBR,0.6502943481082181,1
1566,2722-JMONI,0.5320327963656218,1
1567,3865-YIOTT,0.24408938100413405,0
1568,0691-NIKRI,0.36401212970547725,0
1569,4070-OKWVH,0.23303048901714754,0
1570,4000-VGMQP,0.1111526046754406,0
1571,5380-WJKOV,0.5238034548198871,1
1572,6333-YDVLT,0.2663452577270374,0
1573,4295-YURET,0.11424939333615923,0
1574,2332-TODQS,0.04061923843314527,0
1575,5122-CYFXA,0.4317916911163213,0
1576,7416-CKTEP,0.026251801819954335,0
1577,1268-ASBGA,0.5911923217505717,1
1578,9651-GTSAQ,0.26640907199487446,0
1579,2276-YDAVZ,0.6034581398883656,1
1580,5382-TEMLV,0.13401781218304892,0
1581,2696-ECXKC,0.2249855003452109,0
1582,6917-FIJHC,0.009295345257080014,0
1583,4526-ZJJTM,0.3795492844875319,0
1584,4881-GQJTW,0.11682273135011309,0
1585,7746-AWNQW,0.16920510288537713,0
1586,5855-EIBDE,0.11972475567418175,0
1587,2720-FVBQP,0.2935570424280057,0
1588,1976-CFOCS,0.639821467353853,1
1589,3295-YVUSR,0.7083631836796159,1
1590,9351-LZYGF,0.09786766262946518,0
1591,2208-MPXIO,0.005599367288814511,0
1592,9668-PUGNU,0.03231862233837658,0
1593,6101-IMRMM,0.6386416316015002,1
1594,2013-SGDXK,0.6875404578495532,1
1595,4283-IVYCI,0.20850488764157,0
1596,2606-PKWJB,0.05139259126493807,0
1597,5296-BFCYD,0.0042544786248469,0
1598,3533-UVMOM,0.019495418244393017,0
1599,5583-EJXRD,0.051117243903324096,0
1600,0940-OUQEC,0.5481664815219119,1
1601,2576-HXMPA,0.18564215409762114,0
1602,7272-QDCKA,0.3736296153040356,0
1603,3269-ATYWD,0.4478403969601477,0
1604,9214-EKVXR,0.4587233883096107,0
1605,9730-DRTMJ,0.08775576587266785,0
1606,3259-QMXUN,0.11352155118899225,0
1607,6598-RFFVI,0.18678221061529776,0
1608,9743-DQKQW,0.46415757349788606,0
1609,2676-SSLTO,0.04296491842763091,0
1610,7128-GGCNO,0.27536278045406454,0
1611,3192-LNKRK,0.40816203240926235,0
1612,9058-MJLZC,0.5043898651113033,1
1613,6726-WEXXK,0.38051707861124895,0
1614,8715-KKTFG,0.24988516112369427,0
1615,6023-YEBUP,0.7300001458602694,1
1616,1596-OQSPS,0.29740674301941916,0
1617,2592-SEIFQ,0.4650998880367754,0
1618,2207-QPJED,0.30106816285666693,0
1619,2019-HDCZY,0.18315144355304047,0
1620,2242-MFOTG,0.1635106426564721,0
1621,8434-VGEQQ,0.0012152789893868485,0
1622,8859-DZTGQ,0.011270288463571134,0
1623,3244-DCJWY,0.788984123906663,1
1624,2969-QWUBZ,0.5332461277498673,1
1625,8670-MEFCP,0.024642285532081688,0
1626,5343-SGUBI,0.1556218869427646,0
1627,4310-KEDTB,0.2141368709669165,0
1628,8327-WKMIE,0.014910561081557567,0
1629,5980-BDHPY,0.009990104919804484,0
1630,7321-VGNKU,0.676009478668442,1
1631,9629-NHXFW,0.4620048620662752,0
1632,2958-NHPPS,0.09172020077008909,0
1633,4021-RQSNY,0.5797314403229286,1
1634,4717-GHADL,0.03816760246575434,0
1635,5598-IKHQQ,0.015413901047510755,0
1636,6906-ANDWJ,0.4413922552309939,0
1637,1360-XFJMR,0.1740166510292925,0
1638,3280-MRDOF,0.0848150040700802,0
1639,2897-DOVND,0.7052588547776091,1
1640,5057-LCOUI,0.2398877034369463,0
1641,9738-QLWTP,0.17433396102605359,0
1642,6994-FGRHH,0.19166974030820294,0
1643,1009-IRMNA,0.12850874853438923,0
1644,3606-SBKRY,0.1803982093531452,0
1645,1098-KFQEC,0.0014379613578357278,0
1646,1984-FCOWB,0.2592789963376655,0
1647,6653-CBBOM,0.7938979170101113,1
1648,8215-NGSPE,0.002187666503051709,0
1649,2018-PZKMU,0.5481105929279316,1
1650,9571-EDEBV,0.17402621760707654,0
1651,6164-HXUGH,0.1230405018848072,0
1652,5846-QFDFI,0.1697938659180998,0
1653,1816-FLZDK,0.39981920189441955,0
1654,5117-IFGPS,0.5563355288066296,1
1655,9233-PSYHO,0.302530527667914,0
1656,2452-SNHFZ,0.17124678082369701,0
1657,1194-SPVSP,0.30576375162517944,0
1658,0404-AHASP,0.0030211012451694884,0
1659,0361-HJRDX,0.00939871314593002,0
1660,7235-NXZCP,0.708863183679616,1
1661,9788-YTFGE,0.15417638574076722,0
1662,0655-YDGFJ,0.149869971914258,0
1663,1725-MIMXW,0.40592306895094277,0
1664,6867-ACCZI,0.047881273036438986,0
1665,5278-PNYOX,0.12083213685192329,0
1666,7107-UBYKY,0.08148033246438383,0
1667,9681-KYGYB,0.3670314025773159,0
1668,8259-DZLIZ,0.0743231511695915,0
1669,4361-FEBGN,0.007593130154532506,0
1670,5339-PXDVH,0.4826962175060444,0
1671,6370-ZVHDV,0.01980159945064806,0
1672,5748-RNCJT,0.2149121871032911,0
1673,4685-TFLLS,0.08126798795138489,0
1674,7450-NWRTR,0.6983754044690141,1
1675,0455-XFASS,0.6491442186345994,1
1676,6994-ORCWG,0.1814390566917259,0
1677,6542-LWGXJ,0.3636933319364838,0
1678,8901-HJXTF,0.22830689131556775,0
1679,5440-VHLUL,0.23457347522389782,0
1680,6464-KEXXH,0.2880157364946184,0
1681,2530-ENDWQ,0.12681022687434737,0
1682,3537-HPKQT,0.19642248572197626,0
1683,9761-XUJWD,0.3219970564280972,0
1684,9881-VCZEP,0.1797512673289104,0
1685,3276-HDUEG,0.7899581591415112,1
1686,6813-GZQCG,0.011569839373039181,0
1687,9402-ORRAH,0.6515480406879193,1
